site_number,period_name,period_id
1,EBA,1.0
1,MBA,2.0
1,LBA,3.0
1,PG,4.0
1,G,5.0
1,C,6.0
1,HL,7.0
1,R,8.0
2,Ch,9.0
2,EBA,1.0
2,MBA,2.0
2,LBA,3.0
2,IA,10.0
3,LBA,3.0
4,LBA,3.0
5,LBA,3.0
6,LBA,3.0
7,LBA,3.0
8,EBA,1.0
8,MBA,2.0
8,LBA,3.0
8,IA,10.0
8,A,11.0
8,C,6.0
8,HL,7.0
8,R,8.0
8,Byz-IP,12.0
9,LBA,3.0
9,IA,10.0
9,A,11.0
9,C,6.0
9,HLL,13.0
9,R,8.0
9,Byz-IP,12.0
10,LBA,3.0
11,EBA,1.0
11,MBA,2.0
11,LBA,3.0
11,IA,10.0
11,HL,7.0
11,R,8.0
11,Byz,14.0
11,IP,15.0
12,Ch,9.0
12,EBA,1.0
12,MBA,2.0
12,LBA,3.0
12,G,5.0
12,C,6.0
12,HL,7.0
12,R,8.0
12,Byz,14.0
13,EBA,1.0
13,LBA,3.0
13,IA,10.0
13,A,11.0
13,C,6.0
14,EBA,1.0
14,MBA,2.0
14,LBA,3.0
14,IA,10.0
14,A,11.0
14,C,6.0
14,HL,7.0
15,EBA,1.0
15,MBA,2.0
15,LBA,3.0
15,IA,10.0
15,A,11.0
15,C,6.0
15,HL,7.0
15,R,8.0
15,Byz,14.0
15,IP,15.0
16,LCh,16.0
16,EBA,1.0
16,MBA,2.0
16,LBA,3.0
16,C,6.0
16,HL,7.0
16,R,8.0
16,Byz,14.0
16,IP,15.0
17,MBA,2.0
17,LBA,3.0
17,IA (LG),
18,EBA,1.0
18,MBA,2.0
18,LBA,3.0
19,Ch,9.0
19,EBA,1.0
19,MBA,2.0
19,LBA,3.0
20,LBA,3.0
20,IA,10.0
20,C,6.0
20,HL,7.0
20,R,8.0
21,LN,17.0
21,LCh,16.0
21,EBA,1.0
21,MBA,2.0
21,LBA,3.0
21,IA,10.0
21,A,11.0
21,C,6.0
21,HL,7.0
21,R,8.0
21,Byz,14.0
21,IP,15.0
22,Ch,9.0
22,EBA,1.0
22,MBA,2.0
22,LBA,3.0
23,LN,17.0
23,Ch,9.0
23,EBA,1.0
23,MBA,2.0
23,LBA,3.0
23,G,5.0
23,C,6.0
24,LCh,16.0
24,EBA,1.0
24,MBA,2.0
24,LBA,3.0
24,IA,10.0
24,A,11.0
24,C,6.0
24,HL,7.0
24,R,8.0
24,Byz,14.0
24,IP,15.0
25,Ch,9.0
25,EBA,1.0
25,MBA,2.0
25,LBA,3.0
25,IA,10.0
25,HL,7.0
25,R,8.0
26,LBA,3.0
26,G,5.0
26,A,11.0
26,C,6.0
26,HL,7.0
26,R,8.0
26,Byz-IP,12.0
27,MBA,2.0
27,LBA,3.0
27,A,11.0
27,C,6.0
27,HL,7.0
27,R,8.0
27,Byz,14.0
27,IP,15.0
28,Ch,9.0
28,EBA,1.0
28,MBA,2.0
28,LBA,3.0
28,IA,10.0
28,C,6.0
28,HL,7.0
28,R,8.0
28,Byz,14.0
28,IP,15.0
29,EBA,1.0
29,MBA,2.0
29,LBA,3.0
29,C,6.0
29,HL,7.0
29,R,8.0
29,Byz,14.0
29,IP,15.0
30,Ch,9.0
30,EBA,1.0
30,MBA,2.0
30,LBA,3.0
30,IA,10.0
30,A,11.0
30,C,6.0
30,HL,7.0
30,R,8.0
30,Byz,14.0
30,IP,15.0
31,EBA,1.0
31,LBA,3.0
31,A,11.0
31,C,6.0
31,HL,7.0
31,R,8.0
31,Byz,14.0
32,LBA,3.0
32,IA,10.0
32,A,11.0
32,C,6.0
32,HL,7.0
32,R,8.0
33,,
34,,
35,,
36,LCh,16.0
36,EBA,1.0
36,MBA,2.0
36,LBA,3.0
36,IA,10.0
37,Ch,9.0
37,EBA,1.0
37,MBA,2.0
37,LBA,3.0
38,EBA,1.0
38,LBA,3.0
39,LBA,3.0
39,C,6.0
39,HL,7.0
40,EBA,1.0
40,MBA,2.0
40,LBA,3.0
40,Byz,14.0
41,Ch,9.0
41,EBA,1.0
41,MBA,2.0
41,LBA,3.0
41,HL,7.0
41,R,8.0
41,Byz,14.0
42,LCh,16.0
42,EBA,1.0
42,MBA,2.0
42,LBA,3.0
42,IA,10.0
42,HL,7.0
42,R,8.0
42,Byz,14.0
42,IP,15.0
43,LBA,3.0
43,IA,10.0
43,A,11.0
43,C,6.0
43,HL,7.0
43,R,8.0
43,Byz,14.0
44,EBA,1.0
44,MBA,2.0
44,LBA,3.0
44,IA,10.0
44,HL,7.0
44,R,8.0
45,EBA,1.0
45,MBA,2.0
45,LBA,3.0
46,EBA,1.0
46,MBA,2.0
46,LBA,3.0
47,EBA,1.0
47,MBA,2.0
47,LBA,3.0
47,IA,10.0
47,HL,7.0
47,R,8.0
47,Byz,14.0
47,IP,15.0
48,EBA 3,18.0
48,MBA,2.0
48,LBA,3.0
48,C,6.0
48,Byz,14.0
49,LBA,3.0
49,C,6.0
50,EBA,1.0
50,MBA,2.0
50,LBA,3.0
50,IA,10.0
51,Ch,9.0
51,EBA,1.0
51,MBA,2.0
51,LBA,3.0
51,IA,10.0
52,LCh,16.0
52,EBA 2-3,
52,MBA,2.0
52,LBA,3.0
53,EBA,1.0
53,MBA,2.0
53,LBA,3.0
54,EBA,1.0
54,MBA,2.0
54,LBA,3.0
55,EBA,1.0
55,MBA,2.0
55,LBA,3.0
56,EBA 2-3,
56,MBA,2.0
56,LBA,3.0
56,C,6.0
57,EBA,1.0
57,MBA,2.0
57,LBA,3.0
58,EBA 3,18.0
58,MBA,2.0
58,LBA,3.0
58,IA,10.0
58,C,6.0
59,MBA,2.0
59,LBA,3.0
59,C,6.0
60,LBA,3.0
60,IA,10.0
60,C,6.0
61,EBA 2-3,
61,MBA,2.0
61,LBA,3.0
61,C,6.0
62,EBA 2-3,
62,MBA,2.0
62,LBA,3.0
63,EBA 2-3,
63,MBA,2.0
63,LBA,3.0
63,IA,10.0
63,C,6.0
64,EBA,1.0
64,MBA,2.0
64,LBA,3.0
64,IA,10.0
64,HL,7.0
64,R,8.0
65,MBA,2.0
65,LBA,3.0
65,IA,10.0
66,Pal,19.0
66,EBA,1.0
66,MBA,2.0
66,LBA,3.0
66,Byz,14.0
67,EBA 2-3,
67,MBA,2.0
67,LBA,3.0
68,EBA,1.0
68,MBA,2.0
68,LBA,3.0
69,EBA 2-3,
69,MBA,2.0
69,LBA,3.0
69,IA,10.0
70,EBA 2-3,
70,MBA,2.0
70,LBA,3.0
70,IA,10.0
71,EBA 2-3,
71,MBA,2.0
71,LBA,3.0
72,LBA,3.0
72,C,6.0
73,MBA,2.0
73,LBA,3.0
73,R,8.0
74,EBA,1.0
74,MBA,2.0
74,LBA,3.0
75,EBA,1.0
75,MBA,2.0
75,LBA,3.0
75,R,8.0
76,EBA,1.0
76,MBA,2.0
76,LBA,3.0
76,IA,10.0
76,HL,7.0
76,R,8.0
77,N,26.0
77,EBA,1.0
77,MBA,2.0
77,LBA,3.0
77,R,8.0
78,EBA,1.0
78,MBA,2.0
78,LBA,3.0
79,EBA 2-3,
79,MBA,2.0
79,LBA,3.0
79,HL,7.0
79,R,8.0
80,EBA,1.0
80,MBA,2.0
80,LBA,3.0
81,EBA,1.0
81,LBA,3.0
81,IA,10.0
81,C,6.0
81,HL,7.0
81,R,8.0
81,Byz-IP,12.0
82,Ch,9.0
82,EBA,1.0
82,MBA,2.0
82,LBA,3.0
82,R,8.0
82,Byz,14.0
83,LBA,3.0
84,LBA,3.0
84,C,6.0
84,HL,7.0
85,Ch,9.0
85,EBA,1.0
85,LBA,3.0
85,R,8.0
85,Byz,14.0
86,MBA,2.0
86,LBA,3.0
86,A,11.0
86,HL,7.0
87,Ch,9.0
87,EBA,1.0
87,LBA,3.0
88,LBA,3.0
88,IA,10.0
89,MBA,2.0
89,LBA,3.0
90,Ch,9.0
90,EBA,1.0
90,MBA,2.0
90,LBA,3.0
90,Byz,14.0
90,IP,15.0
91,LBA,3.0
91,A,11.0
91,C,6.0
91,HL,7.0
91,R,8.0
91,Byz,14.0
92,EBA,1.0
92,LBA,3.0
92,C,6.0
92,HL,7.0
92,R,8.0
93,LCh,16.0
93,EBA,1.0
93,MBA,2.0
93,IA,10.0
93,HL,7.0
93,R,8.0
94,LN,17.0
94,Ch,9.0
94,EBA,1.0
94,MBA,2.0
94,LBA,3.0
94,A,11.0
94,C,6.0
94,HL,7.0
94,R,8.0
94,Byz,14.0
95,EBA,1.0
95,LBA,3.0
95,HL,7.0
95,R,8.0
95,Byz,14.0
96,LBA,3.0
96,C,6.0
97,EBA,1.0
97,LBA,3.0
98,LCh,16.0
98,EBA,1.0
98,MBA,2.0
98,LBA,3.0
98,HL,7.0
98,R,8.0
98,BYZ,14.0
99,MBA,2.0
99,HL,7.0
99,R,8.0
100,MBA,2.0
101,MBA,2.0
102,MBA,2.0
102,LBA,3.0
103,LBA,3.0
103,EIA,21.0
103,A,11.0
103,C,6.0
103,R,8.0
103,Byz,14.0
104,MBA,2.0
104,LBA,3.0
105,EBA,1.0
105,MBA,2.0
105,LBA,3.0
105,C,6.0
105,HLL,13.0
105,R,8.0
106,EBA,1.0
106,LBA,3.0
106,HL,7.0
106,R,8.0
107,LBA,3.0
107,A,11.0
107,C,6.0
107,R,8.0
108,EBA,1.0
108,LBA,3.0
109,LBA,3.0
110,LBA,3.0
111,LCh,16.0
111,EBA,1.0
111,LBA,3.0
111,IA,10.0
111,A,11.0
111,C,6.0
112,LBA,3.0
112,A,11.0
112,C,6.0
113,EBA,1.0
113,MBA,2.0
113,LBA,3.0
114,EBA,1.0
114,LBA,3.0
115,EBA,1.0
115,MBA,2.0
116,EBA,1.0
116,LBA,3.0
117,LBA,3.0
117,C,6.0
117,HL,7.0
118,EBA,1.0
118,MBA,2.0
118,LBA,3.0
118,HL,7.0
118,R,8.0
119,LBA,3.0
119,C,6.0
119,HL,7.0
120,Ch,9.0
120,EBA,1.0
120,MBA,2.0
120,LBA,3.0
120,R,8.0
121,Ch,9.0
121,EBA,1.0
121,MBA,2.0
121,LBA,3.0
121,HL,7.0
121,Byz,14.0
122,EBA,1.0
122,MBA,2.0
122,LBA,3.0
123,EBA,1.0
123,MBA,2.0
123,LBA,3.0
124,Ch,9.0
124,EBA,1.0
124,MBA,2.0
124,LBA,3.0
124,IA,10.0
125,LCh,16.0
125,EBA,1.0
125,MBA,2.0
125,LBA,3.0
126,EBA,1.0
126,MBA,2.0
126,LBA,3.0
127,EBA,1.0
127,MBA,2.0
127,LBA,3.0
128,EBA,1.0
128,MBA,2.0
128,LBA,3.0
129,Ch,9.0
129,EBA,1.0
129,MBA,2.0
130,EBA,1.0
130,MBA,2.0
130,LBA,3.0
131,Ch,9.0
131,EBA,1.0
131,MBA,2.0
131,LBA,3.0
132,EBA,1.0
132,MBA,2.0
132,LBA,3.0
133,EBA,1.0
133,MBA,2.0
133,LBA;,
134,Ch,9.0
134,EBA,1.0
134,MBA,2.0
135,EBA,1.0
135,MBA,2.0
136,LCh,16.0
136,EBA,1.0
136,MBA,2.0
136,HL,7.0
136,R,8.0
137,Ch,9.0
137,EBA,1.0
137,MBA,2.0
137,LBA,3.0
137,IA,10.0
138,Ch,9.0
138,EBA,1.0
138,MBA,2.0
138,LBA,3.0
139,MBA,2.0
139,LBA,3.0
140,LBA,3.0
140,HL,7.0
140,R,8.0
141,EBA,1.0
141,MBA,2.0
141,LBA,3.0
142,Ch,9.0
142,EBA,1.0
142,MBA,2.0
142,LBA,3.0
142,A,11.0
142,HL,7.0
142,R,8.0
143,Ch,9.0
143,EBA,1.0
143,MBA,2.0
143,LBA,3.0
144,LBA,3.0
144,HL,7.0
145,EBA,1.0
145,MBA,2.0
145,LBA,3.0
146,EBA,1.0
146,MBA,2.0
146,LBA,3.0
147,LBA,3.0
147,Byz-IP,12.0
148,LCh,16.0
148,EBA,1.0
148,MBA,2.0
148,LBA,3.0
149,Ch,9.0
149,EBA,1.0
149,MBA,2.0
149,LBA,3.0
150,N,26.0
150,Ch,9.0
150,EBA,1.0
150,MBA,2.0
150,LBA,3.0
150,IA,10.0
150,A,11.0
151,N,26.0
151,Ch,9.0
151,EBA,1.0
151,MBA,2.0
151,LBA,3.0
151,IA,10.0
151,A,11.0
151,C,6.0
151,HL,7.0
151,R,8.0
152,LBA,3.0
152,IA,10.0
152,A,11.0
152,C,6.0
152,HL,7.0
152,R,8.0
152,Byz,14.0
153,LBA,3.0
153,C,6.0
153,HL,7.0
153,R,8.0
154,LBA,3.0
154,C,6.0
154,HL,7.0
154,R,8.0
155,Ch,9.0
155,EBA,1.0
155,MBA,2.0
155,LBA,3.0
155,HL,7.0
155,R,8.0
156,EBA II,23.0
156,LBA,3.0
156,HL,7.0
156,R,8.0
157,Ch,9.0
157,EBA,1.0
157,MBA,2.0
157,LBA,3.0
157,HL,7.0
157,R,8.0
158,LBA,3.0
158,HL,7.0
158,R,8.0
159,EBA,1.0
159,MBA,2.0
159,LBA,3.0
160,LCh,16.0
160,EBA,1.0
160,MBA,2.0
160,LBA,3.0
161,LN,17.0
161,ECh,
161,EBA,1.0
161,MBA,2.0
161,LBA,3.0
162,LN,17.0
162,ECh,
162,EBA,1.0
162,MBA,2.0
162,LBA,3.0
163,LN,17.0
163,ECh,
163,EBA,1.0
163,MBA,2.0
163,LBA,3.0
164,LN,17.0
164,ECh,
164,EBA,1.0
164,MBA,2.0
164,LBA,3.0
164,IA,10.0
165,EBA,1.0
165,MBA,2.0
165,LBA,3.0
165,HL,7.0
165,R,8.0
166,LCh,16.0
166,EBA,1.0
166,MBA,2.0
166,LBA,3.0
167,EBA,1.0
167,MBA,2.0
167,LBA,3.0
168,EBA,1.0
168,MBA,2.0
168,LBA,3.0
168,HL,7.0
168,R,8.0
169,Ch,9.0
169,EBA,1.0
169,MBA,2.0
169,LBA,3.0
170,LBA,3.0
171,EBA,1.0
171,MBA,2.0
171,LBA,3.0
171,HL,7.0
172,LBA,3.0
172,HL,7.0
172,R,8.0
172,Byz,14.0
173,LBA,3.0
173,C,6.0
173,HL,7.0
173,R,8.0
174,EBA,1.0
174,MBA,2.0
174,LBA,3.0
175,EBA,1.0
175,MBA,2.0
175,LBA,3.0
176,Ch,9.0
176,EBA,1.0
176,MBA,2.0
176,LBA,3.0
177,EBA 1-2,
177,MBA,2.0
177,HL,7.0
177,R,8.0
177,Byz,14.0
178,LCh,16.0
178,EBA,1.0
178,MBA,2.0
179,LCh,16.0
179,EBA,1.0
179,MBA,2.0
179,LBA,3.0
180,LCh,16.0
180,EBA,1.0
180,MBA,2.0
180,LBA,3.0
181,EBA,1.0
181,MBA,2.0
181,LBA,3.0
182,LN,17.0
182,Ch,9.0
182,EBA,1.0
182,MBA,2.0
182,LBA,3.0
183,Ch,9.0
183,EBA,1.0
183,MBA,2.0
183,LBA,3.0
183,C,6.0
184,EBA,1.0
184,MBA,2.0
184,LBA,3.0
184,R,8.0
184,Byz,14.0
185,EBA,1.0
185,MBA,2.0
185,LBA,3.0
185,R,8.0
186,Ch,9.0
186,EBA,1.0
186,LBA,3.0
186,R,8.0
186,Byz,14.0
187,EBA,1.0
187,LBA,3.0
187,R,8.0
188,LBA,3.0
188,IA,10.0
188,A,11.0
188,C,6.0
188,HL,7.0
188,R,8.0
189,EBA,1.0
189,MBA,2.0
189,LBA,3.0
190,LCh,16.0
190,EBA,1.0
190,MBA,2.0
190,LBA,3.0
190,HL,7.0
190,R,8.0
190,Byz,14.0
191,EBA,1.0
191,MBA,2.0
191,LBA,3.0
192,EBA,1.0
192,MBA,2.0
192,LBA,3.0
193,EBA 2-3,
193,MBA,2.0
193,LBA,3.0
194,EBA,1.0
194,MBA,2.0
194,LBA,3.0
195,EBA 2-3,
195,MBA,2.0
195,LBA,3.0
196,Ch,9.0
196,EBA,1.0
196,MBA,2.0
196,LBA,3.0
197,EBA 2-3,
197,MBA,2.0
197,LBA,3.0
198,EBA 2-3,
198,MBA,2.0
199,EBA,1.0
199,MBA,2.0
199,LBA,3.0
200,N,26.0
200,EBA,1.0
200,MBA,2.0
200,LBA,3.0
201,MBA,2.0
201,LBA,3.0
202,EBA,1.0
202,MBA,2.0
202,LBA,3.0
203,N,26.0
203,Ch,9.0
203,EBA,1.0
203,MBA,2.0
203,LBA,3.0
203,R,8.0
203,Byz,14.0
204,EBA,1.0
204,MBA,2.0
204,LBA,3.0
205,EBA,1.0
205,MBA,2.0
205,LBA,3.0
206,EBA,1.0
206,MBA,2.0
206,LBA,3.0
206,IA,10.0
207,LBA,3.0
207,IA,10.0
208,EBA 2-3,
208,MBA,2.0
208,LBA,3.0
209,Ch,9.0
209,EBA,1.0
209,MBA,2.0
209,LBA,3.0
210,EBA 2-3,
210,MBA,2.0
210,LBA,3.0
211,EBA 2-3,
211,MBA,2.0
211,LBA,3.0
212,EBA,1.0
212,MBA,2.0
212,LBA,3.0
213,EBA 2-3,
213,MBA,2.0
213,LBA,3.0
213,C,6.0
214,EBA 2-3,
214,MBA,2.0
214,LBA,3.0
214,IA,10.0
215,EBA 2-3,
215,MBA,2.0
215,LBA,3.0
215,IA,10.0
216,MBA,2.0
216,LBA,3.0
216,C,6.0
217,LBA,3.0
217,IA,10.0
217,A,11.0
217,C,6.0
217,HL,7.0
217,R,8.0
218,MCh,25.0
218,LCh,16.0
218,EBA,1.0
218,MBA,2.0
218,LBA,3.0
219,LCh,16.0
219,EBA,1.0
219,MBA,2.0
219,LBA,3.0
220,EBA,1.0
220,MBA,2.0
220,LBA,3.0
220,IA,10.0
221,EBA,1.0
221,MBA,2.0
221,LBA,3.0
221,C,6.0
221,R,8.0
222,EBA,1.0
222,MBA,2.0
222,LBA,3.0
222,IA,10.0
223,LBA,3.0
224,Ch,9.0
224,EBA,1.0
224,MBA,2.0
224,LBA,3.0
224,IA,10.0
225,EBA 2-3,
225,MBA,2.0
225,LBA,3.0
225,C,6.0
226,Ch,9.0
226,EBA 2-3,
226,MBA,2.0
226,LBA,3.0
227,EBA 2-3,
227,MBA,2.0
227,LBA,3.0
228,MBA,2.0
228,LBA,3.0
228,C,6.0
229,MBA,2.0
229,LBA,3.0
229,C,6.0
230,EBA 2-3,
230,MBA,2.0
230,LBA,3.0
231,EBA 3,18.0
231,MBA,2.0
231,LBA,3.0
231,C,6.0
232,EBA 2-3,
232,MBA,2.0
232,LBA,3.0
232,C,6.0
233,EBA 2-3,
233,MBA,2.0
233,LBA,3.0
233,C,6.0
234,EBA 2-3,
234,MBA,2.0
234,LBA,3.0
235,EBA 2-3,
235,MBA,2.0
235,LBA,3.0
236,EBA 2-3,
236,MBA,2.0
236,LBA,3.0
237,EBA,1.0
237,MBA,2.0
237,LBA,3.0
238,EBA,1.0
238,MBA,2.0
238,LBA,3.0
238,C,6.0
239,EBA 2-3,
239,MBA,2.0
239,LBA,3.0
240,EBA,1.0
240,MBA,2.0
240,LBA,3.0
240,C,6.0
241,EBA,1.0
241,MBA,2.0
241,LBA,3.0
241,C,6.0
242,EBA 2-3,
242,MBA,2.0
242,LBA,3.0
242,IA,10.0
243,EBA,1.0
243,MBA,2.0
243,LBA,3.0
244,EBA 2-3,
244,MBA,2.0
244,LBA,3.0
244,IA,10.0
245,EBA,1.0
245,MBA,2.0
245,LBA,3.0
246,EBA,1.0
246,MBA,2.0
246,LBA,3.0
247,EBA,1.0
247,MBA,2.0
247,LBA,3.0
248,EBA,1.0
248,MBA,2.0
248,LBA,3.0
248,IA,10.0
249,MBA,2.0
249,LBA,3.0
249,C,6.0
250,LBA,3.0
251,EBA-3,
251,MBA,2.0
251,LBA,3.0
252,EBA,1.0
252,MBA,2.0
252,LBA,3.0
252,HL,7.0
252,R,8.0
253,EBA 2-3,
253,MBA,2.0
253,LBA,3.0
254,EBA 2-3,
254,MBA,2.0
254,LBA,3.0
255,EBA 2-3,
255,MBA,2.0
255,LBA,3.0
256,MBA,2.0
256,LBA,3.0
257,MBA,2.0
257,LBA,3.0
257,C,6.0
258,Ch,9.0
258,EBA 2-3,
258,MBA,2.0
258,LBA,3.0
258,HL,7.0
258,R,8.0
259,EBA 2-3,
259,MBA,2.0
259,LBA,3.0
260,EBA 2,
260,MBA,2.0
260,LBA,3.0
260,C,6.0
261,EBA 2-3,
261,MBA,2.0
261,LBA,3.0
262,EBA,1.0
262,3,
262,MBA,2.0
262,LBA,3.0
262,C,6.0
263,EBA 3,18.0
263,MBA,2.0
263,LBA,3.0
263,HL,7.0
264,Ch,9.0
264,EBA,1.0
264,MBA,2.0
264,LBA,3.0
265,LCh,16.0
265,EBA 3,18.0
265,MBA,2.0
265,LBA,3.0
266,MCh,25.0
266,LCh,16.0
266,EBA 1,
266,EBA 3,18.0
266,MBA,2.0
266,LBA,3.0
267,MCh,25.0
267,LCh,16.0
267,EBA 1,
267,MBA,2.0
267,LBA,3.0
268,EBA,1.0
268,MBA,2.0
268,LBA,3.0
268,IA,10.0
269,EBA,1.0
269,MBA,2.0
269,LBA,3.0
269,R,8.0
270,Ch,9.0
270,EBA,1.0
270,MBA,2.0
270,LBA,3.0
271,MBA,2.0
271,LBA,3.0
271,IA,10.0
271,R,8.0
272,EBA,1.0
272,MBA,2.0
272,LBA,3.0
272,IA,10.0
272,R,8.0
273,EBA,1.0
273,MBA,2.0
273,LBA,3.0
274,EBA,1.0
274,MBA,2.0
274,LBA,3.0
275,EBA,1.0
275,MBA,2.0
275,LBA,3.0
276,EBA,1.0
276,MBA,2.0
277,MBA,2.0
277,LBA,3.0
278,N,26.0
278,LCh,16.0
278,EBA,1.0
278,MBA,2.0
278,LBA,3.0
279,EBA,1.0
279,LBA,3.0
279,IA,10.0
279,HL,7.0
279,R,8.0
280,Ch,9.0
280,EBA,1.0
280,MBA,2.0
280,LBA,3.0
280,IA,10.0
281,EBA,1.0
281,MBA,2.0
281,LBA,3.0
281,Byz,14.0
282,EBA,1.0
282,MBA,2.0
282,HL,7.0
282,R,8.0
283,EBA,1.0
283,MBA,2.0
283,LBA,3.0
283,IA,10.0
283,R,8.0
284,LN,17.0
284,ECh,
284,LCh,16.0
284,EBA,1.0
284,MBA,2.0
284,LBA,3.0
284,R,8.0
285,MBA,2.0
285,LBA,3.0
286,EBA,1.0
286,MBA,2.0
286,LBA,3.0
287,EBA,1.0
287,MBA,2.0
287,LBA,3.0
287,IA,10.0
287,R,8.0
288,EBA,1.0
288,MBA,2.0
288,LBA,3.0
288,IA,10.0
288,R,8.0
289,EBA,1.0
289,MBA,2.0
289,LBA,3.0
290,LCh,16.0
290,EBA,1.0
290,MBA,2.0
290,LBA,3.0
291,N,26.0
291,EBA,1.0
291,MBA,2.0
291,LBA,3.0
291,R,8.0
292,Ch,9.0
292,EBA,1.0
292,MBA,2.0
292,LBA,3.0
292,HL,7.0
292,R,8.0
293,EBA,1.0
293,MBA,2.0
293,LBA,3.0
294,EBA,1.0
294,MBA,2.0
294,LBA,3.0
295,Ch,9.0
295,EBA 2-3,
295,MBA,2.0
295,LBA,3.0
296,LN,17.0
296,ECh,
296,LCh,16.0
296,EBA,1.0
296,MBA,2.0
296,LBA,3.0
297,LCh,16.0
297,EBA,1.0
297,MBA,2.0
297,LBA,3.0
297,IA,10.0
297,HL,7.0
297,R,8.0
298,EBA,1.0
298,MBA,2.0
298,LBA,3.0
299,LN,17.0
299,Ch,9.0
299,EBA,1.0
299,MBA,2.0
299,LBA,3.0
299,IA,10.0
299,HL,7.0
300,LBA,3.0
300,C,6.0
300,HL,7.0
300,R,8.0
301,LBA,3.0
301,HL,7.0
301,R,8.0
302,EBA,1.0
302,LBA,3.0
302,IA,10.0
303,LBA,3.0
303,IA,10.0
304,EBA,1.0
304,LBA,3.0
304,IA,10.0
305,LBA,3.0
305,IA,10.0
306,LBA,3.0
306,IA,10.0
306,C,6.0
307,EBA,1.0
307,LBA,3.0
307,IA,10.0
307,C,6.0
308,LBA,3.0
308,IA,10.0
308,C,6.0
309,LBA,3.0
309,IA,10.0
309,C,6.0
310,N,26.0
310,LBA,3.0
310,IA,10.0
310,C,6.0
311,N,26.0
311,EBA,1.0
311,LBA,3.0
311,IA,10.0
312,Ch,9.0
312,LBA,3.0
312,IA,10.0
312,C,6.0
313,LBA,3.0
313,IA,10.0
313,C,6.0
314,N,26.0
314,ECh,
314,LCh,16.0
314,LBA,3.0
314,IA,10.0
315,LBA,3.0
315,IA,10.0
315,C,6.0
316,LCh,16.0
316,EBA,1.0
316,LBA,3.0
316,IA,10.0
316,C,6.0
317,LBA,3.0
317,IA,10.0
317,C,6.0
318,EBA,1.0
318,LBA,3.0
318,IA,10.0
318,C,6.0
319,EBA,1.0
319,LBA,3.0
319,IA,10.0
319,C,6.0
320,LBA,3.0
320,IA,10.0
321,EBA,1.0
321,LBA,3.0
321,R,8.0
321,Byz,14.0
322,LCh,16.0
322,EBA,1.0
322,MBA,2.0
322,LBA,3.0
322,A,11.0
323,LCh,16.0
323,EBA,1.0
323,MBA,2.0
323,LBA,3.0
324,EBA,1.0
324,LBA,3.0
325,LN,17.0
325,Ch,9.0
325,EBA,1.0
325,MBA,2.0
325,LBA,3.0
326,LN,17.0
326,LCh,16.0
326,EBA,1.0
326,MBA,2.0
326,LBA,3.0
327,LCh,16.0
327,EBA,1.0
327,MBA,2.0
327,LBA,3.0
328,LCh,16.0
328,EBA,1.0
328,MBA,2.0
328,LBA,3.0
329,EBA,1.0
329,MBA,2.0
329,LBA,3.0
330,Ch,9.0
330,EBA,1.0
330,MBA,2.0
330,LBA,3.0
331,EBA,1.0
331,LBA,3.0
332,LBA,3.0
333,LBA,3.0
334,MBA,2.0
334,LBA,3.0
335,LCh,16.0
335,EBA,1.0
335,MBA,2.0
335,LBA,3.0
335,IA,10.0
335,HL,7.0
335,R,8.0
335,Byz,14.0
336,MBA,2.0
336,LBA,3.0
337,EBA,1.0
337,MBA,2.0
337,LBA,3.0
337,IA,10.0
337,C,6.0
337,HL,7.0
337,R,8.0
337,Byz,14.0
337,IP,15.0
338,N,26.0
338,EBA II,23.0
338,LBA,3.0
339,MBA,2.0
339,LBA,3.0
339,IA,10.0
340,EBA,1.0
340,EBA,1.0
340,MBA,2.0
340,LBA,3.0
341,EBA,1.0
341,MBA,2.0
341,LBA,3.0
342,EBA,1.0
342,MBA,2.0
342,LBA,3.0
342,R,8.0
343,LN,17.0
343,MCh,25.0
343,EBA I,24.0
343,MBA,2.0
343,LBA,3.0
343,IA,10.0
343,R,8.0
344,EBA 2,
344,EBA 3,18.0
344,MBA,2.0
344,LBA,3.0
345,EBA 2,
345,EBA 3,18.0
345,MBA,2.0
345,LBA,3.0
346,EBA 2,
346,MBA,2.0
346,LBA,3.0
347,LN,17.0
347,ECh,
347,EBA,1.0
347,MBA,2.0
347,LBA,3.0
347,R,8.0
347,Byz,14.0
348,LN,17.0
348,ECh,
348,EBA,1.0
348,MBA,2.0
348,LBA,3.0
348,R,8.0
348,Byz,14.0
349,EBA,1.0
349,MBA,2.0
349,LBA,3.0
350,EBA,1.0
350,MBA,2.0
350,LBA,3.0
350,R,8.0
351,LN,17.0
351,Ech,
351,EBA,1.0
351,MBA,2.0
351,LBA,3.0
351,IA,10.0
351,HL,7.0
352,EBA,1.0
352,MBA,2.0
352,LBA,3.0
353,EBA,1.0
353,MBA,2.0
353,LBA,3.0
354,EBA,1.0
354,MBA,2.0
354,LBA,3.0
355,LN,17.0
355,ECh,
355,EBA,1.0
355,MBA,2.0
355,LBA,3.0
355,R,8.0
356,LN,17.0
356,ECh,
356,EBA,1.0
356,MBA,2.0
356,LBA,3.0
356,R,8.0
357,LCh,16.0
357,EBA,1.0
357,MBA,2.0
357,LBA,3.0
357,R,8.0
358,EBA,1.0
358,MBA,2.0
358,LBA,3.0
358,IA,10.0
358,HL,7.0
358,R,8.0
359,EBA,1.0
359,LBA,3.0
359,IA,10.0
359,HL,7.0
359,R,8.0
360,EBA,1.0
360,MBA,2.0
360,LBA,3.0
361,LCh,16.0
361,EBA,1.0
361,MBA,2.0
361,LBA,3.0
362,Ch,9.0
362,EBA,1.0
362,MBA,2.0
362,LBA,3.0
362,HL,7.0
362,R,8.0
362,Byz,14.0
363,N,26.0
363,EBA I,24.0
363,EBA II,23.0
363,MBA,2.0
363,Byz,14.0
364,LCh,16.0
364,EBA,1.0
364,MBA,2.0
364,LBA,3.0
364,IA,10.0
364,C,6.0
364,HL,7.0
364,R,8.0
364,Byz,14.0
365,LCh,16.0
365,EBA,1.0
365,MBA,2.0
365,LBA,3.0
366,LCh,16.0
366,EBA,1.0
366,MBA,2.0
366,LBA,3.0
366,IA,10.0
366,C,6.0
366,HL,7.0
366,R,8.0
366,Byz,14.0
367,EBA,1.0
367,MBA,2.0
368,EBA,1.0
368,MBA,2.0
368,R,8.0
369,EBA,1.0
369,MBA,2.0
369,R,8.0
370,LN,17.0
370,ECh,
370,EBA,1.0
370,MBA,2.0
370,R,8.0
371,EBA,1.0
371,MBA,2.0
372,EBA,1.0
372,LBA,3.0
372,IA,10.0
372,R,8.0
373,LCh,16.0
373,EBA,1.0
373,MBA,2.0
373,LBA,3.0
373,IA,10.0
373,R,8.0
374,EBA,1.0
374,MBA,2.0
374,R,8.0
375,Ch,9.0
375,EBA,1.0
375,MBA,2.0
375,R,8.0
376,EBA,1.0
376,MBA,2.0
376,R,8.0
377,MBA,2.0
377,R,8.0
378,Ch,9.0
378,EBA,1.0
378,MBA,2.0
378,LBA,3.0
379,LBA,3.0
379,IA,10.0
379,HL,7.0
379,R,8.0
379,Byz,14.0
379,IP,15.0
380,Ch,9.0
380,EBA,1.0
380,MBA,2.0
380,LBA,3.0
380,EIA,21.0
380,HL,7.0
380,R,8.0
381,MBA,2.0
381,LBA,3.0
382,EBA,1.0
382,LBA,3.0
382,IA,10.0
382,R,8.0
383,LBA,3.0
383,R,8.0
383,Byz,14.0
383,IP,15.0
384,LBA,3.0
384,IA,10.0
385,EBA,1.0
385,MBA,2.0
385,LBA,3.0
385,EIA,21.0
386,EBA 2-3,
386,MBA,2.0
386,LBA,3.0
386,IA,10.0
387,EBA 1-2,
387,MBA,2.0
387,LBA,3.0
388,EBA 3,18.0
388,MBA,2.0
388,LBA,3.0
388,IA,10.0
389,EBA 2-3,
389,MBA,2.0
389,LBA,3.0
389,C,6.0
390,N-ECh,
390,LCh,16.0
390,EBA,1.0
390,LBA,3.0
390,IA,10.0
391,MBA,2.0
391,LBA,3.0
392,MBA,2.0
392,LBA,3.0
393,MBA,2.0
393,LBA,3.0
394,MBA,2.0
394,LBA,3.0
394,IA,10.0
395,MBA,2.0
395,LBA,3.0
396,LCh,16.0
396,EBA,1.0
396,LBA,3.0
397,MBA,2.0
397,LBA,3.0
397,R,8.0
398,EBA,1.0
398,MBA,2.0
398,LBA,3.0
398,IA,10.0
399,EBA,1.0
399,MBA,2.0
399,LBA,3.0
400,EBA,1.0
400,MBA,2.0
400,LBA,3.0
400,IA,10.0
401,EBA,1.0
401,MBA,2.0
402,EBA,1.0
402,MBA,2.0
403,EBA,1.0
403,MBA,2.0
404,EBA,1.0
404,MBA,2.0
405,EBA LBA,
405,IA,10.0
406,LCh,16.0
406,EBA,1.0
406,LBA,3.0
407,MBA,2.0
407,LBA,3.0
408,EBA,1.0
408,MBA,2.0
408,LBA,3.0
408,R,8.0
409,LCh,16.0
409,EBA,1.0
409,MBA,2.0
409,LBA,3.0
410,MBA,2.0
410,LBA,3.0
411,EBA,1.0
411,MBA LBA,
412,MBA,2.0
412,LBA,3.0
412,IA,10.0
413,EBA,1.0
413,MBA,2.0
413,LBA,3.0
413,HL,7.0
413,R,8.0
414,MBA,2.0
414,LBA,3.0
414,Byz,14.0
415,MBA,2.0
415,LBA,3.0
415,Byz,14.0
416,LCh,16.0
416,EBA,1.0
416,MBA,2.0
416,LBA Byz,
417,MBA,2.0
417,LBA,3.0
417,Byz,14.0
418,MBA,2.0
418,H,
418,R,8.0
418,Byz,14.0
419,Ch,9.0
419,EBA,1.0
419,MBA,2.0
419,LBA,3.0
419,IA,10.0
419,HL,7.0
419,R,8.0
419,Byz,14.0
420,EBA,1.0
420,MBA,2.0
420,LBA,3.0
420,Byz,14.0
421,EBA,1.0
421,MBA,2.0
421,LBA,3.0
421,Byz,14.0
422,LBA,3.0
422,HL,7.0
422,R,8.0
422,Byz,14.0
423,EBA,1.0
423,MBA,2.0
423,LBA,3.0
423,H,
423,R,8.0
424,MBA,2.0
424,Byz,14.0
425,LBA,3.0
426,MBA,2.0
426,LBA,3.0
427,LCh,16.0
427,EBA,1.0
427,MBA,2.0
428,LCh,16.0
428,EBA,1.0
428,MBA,2.0
428,LBA,3.0
428,R,8.0
429,EBA,1.0
429,MBA,2.0
430,LCh,16.0
430,EBA,1.0
430,MBA,2.0
431,MBA,2.0
431,IA,10.0
432,EBA,1.0
432,MBA,2.0
432,LBA,3.0
433,EBA,1.0
433,LBA,3.0
433,IA,10.0
434,LCh,16.0
434,EBA,1.0
434,MBA,2.0
434,LBA,3.0
434,R,8.0
434,Byz,14.0
435,LCh,16.0
435,EBA,1.0
435,MBA,2.0
435,LBA,3.0
435,HL,7.0
435,R,8.0
435,Byz,14.0
436,MBA,2.0
436,LBA,3.0
436,HL,7.0
436,R,8.0
436,Byz,14.0
437,LCh,16.0
437,MBA,2.0
437,LBA,3.0
437,HL,7.0
437,Byz,14.0
438,MBA,2.0
438,LBA,3.0
438,IA,10.0
438,HL,7.0
438,R,8.0
438,Byz,14.0
439,EBA,1.0
439,MBA,2.0
439,LBA,3.0
439,HL,7.0
439,R,8.0
439,Byz,14.0
440,EBA,1.0
440,MBA,2.0
440,LBA,3.0
440,HL,7.0
440,R,8.0
440,Byz,14.0
441,EBA,1.0
441,MBA,2.0
441,LBA,3.0
441,HL,7.0
441,R,8.0
441,Byz,14.0
442,EBA,1.0
442,MBA,2.0
442,LBA,3.0
443,EBA,1.0
443,MBA,2.0
443,LBA,3.0
443,HL,7.0
443,R,8.0
443,Byz,14.0
444,LBA,3.0
444,A,11.0
444,HL,7.0
445,Ch,9.0
445,EBA,1.0
445,MBA,2.0
445,LBA,3.0
445,IA,10.0
446,EBA,1.0
446,MBA,2.0
446,LBA,3.0
446,IA,10.0
446,C,6.0
447,EBA,1.0
447,MBA,2.0
447,LBA,3.0
448,EBA,1.0
448,MBA,2.0
448,LBA,3.0
448,C,6.0
448,Byz,14.0
449,EBA 3,18.0
449,MBA,2.0
450,EBA,1.0
450,MBA,2.0
451,EBA 2-3,
451,MBA,2.0
451,LBA,3.0
451,C,6.0
452,EBA 2-3,
452,MBA,2.0
452,LBA,3.0
452,IA,10.0
453,EBA 2-3,
453,LBA,3.0
453,C,6.0
454,EBA,1.0
454,MBA,2.0
454,LBA,3.0
455,EBA 2-3,
455,LBA,3.0
456,EBA,1.0
456,MBA,2.0
456,LBA,3.0
457,,
458,EBA,1.0
458,MBA,2.0
459,MBA,2.0
459,LBA,3.0
459,IA,10.0
459,C,6.0
459,HL,7.0
459,R,8.0
459,Byz,14.0
460,LCh,16.0
460,EBA,1.0
460,MBA,2.0
460,LBA,3.0
461,LBA,3.0
461,IA,10.0
461,C,6.0
461,HL,7.0
461,R,8.0
462,MBA,2.0
462,LBA,3.0
462,IA,10.0
462,C,6.0
463,MBA,2.0
463,LBA,3.0
464,EBA,1.0
464,MBA,2.0
464,LBA,3.0
464,IA,10.0
464,C,6.0
464,HL,7.0
464,R,8.0
464,Byz,14.0
465,EBA,1.0
465,MBA,2.0
466,EBA,1.0
466,MBA,2.0
466,C,6.0
466,HL,7.0
466,R,8.0
467,MBA,2.0
467,LBA,3.0
467,IA,10.0
467,C,6.0
467,HL,7.0
467,R,8.0
468,EBA,1.0
468,MBA,2.0
468,LBA,3.0
468,IA,10.0
468,C,6.0
468,HL,7.0
468,R,8.0
468,Byz,14.0
469,EBA,1.0
469,MBA,2.0
469,LBA,3.0
469,IA,10.0
469,Byz,14.0
470,N,26.0
470,MBA,2.0
470,LBA,3.0
470,IA,10.0
470,H,
470,R,8.0
470,Byz,14.0
471,EBA,1.0
471,MBA,2.0
471,LBA,3.0
471,IA,10.0
471,H,
471,R,8.0
471,Byz,14.0
471,I,
472,EBA,1.0
472,MBA,2.0
472,LBA,3.0
473,LN,17.0
473,EBA,1.0
473,MBA,2.0
473,LBA,3.0
473,IA,10.0
473,C,6.0
473,R,8.0
473,Byz,14.0
474,EBA(?),
474,MBA(?),
474,LBA,3.0
474,PG,4.0
474,G,5.0
474,A,11.0
474,C,6.0
474,H,
474,R,8.0
474,LByz,27.0
475,EBA.(?),
475,MBA.,
475,LBA.,
475,EG.-LG.,
475,A.,
475,C.,
475,HL.,
475,R.,
475,Byz,14.0
475,IP,15.0
476,EBA,1.0
476,MBA,2.0
476,LBA,3.0
476,PG,4.0
476,G,5.0
476,A,11.0
476,C,6.0
476,HL,7.0
476,R,8.0
476,Byz,14.0
476,IP,15.0
477,LN,17.0
477,EBA,1.0
477,MBA,2.0
477,LBA,3.0
477,A,11.0
477,C,6.0
477,H,
477,Byz,14.0
478,LCh,16.0
478,EBA,1.0
478,MBA,2.0
478,LBA,3.0
478,A,11.0
478,C,6.0
478,H,
478,R,8.0
478,Byz,14.0
479,MBA,2.0
479,LBA,3.0
479,G,5.0
479,C,6.0
479,HL,7.0
479,Byz,14.0
480,LBA,3.0
480,C,6.0
480,H,
481,LBA,3.0
482,EBA,1.0
482,MBA,2.0
482,LBA,3.0
482,IA,10.0
483,EBA,1.0
483,LBA,3.0
